{"year":"2021","days":[{"date":1609455600000,"type":4,"info":"Neujahr","times":[]},{"date":1609542000000,"type":7,"info":null,"times":[]},{"date":1609628400000,"type":7,"info":null,"times":[]},{"date":1609714800000,"type":null,"info":null,"times":[{"start":426,"end":991,"info":null,"type":0}]},{"date":1609801200000,"type":null,"info":null,"times":[{"start":440,"end":1007,"info":null,"type":0}]},{"date":1609887600000,"type":4,"info":"Heilige Drei Könige","times":[]},{"date":1609974000000,"type":null,"info":null,"times":[{"start":447,"end":991,"info":null,"type":0}]},{"date":1610060400000,"type":null,"info":null,"times":[{"start":456,"end":931,"info":null,"type":0}]},{"date":1610146800000,"type":7,"info":null,"times":[]},{"date":1610233200000,"type":7,"info":null,"times":[]},{"date":1610319600000,"type":null,"info":null,"times":[{"start":457,"end":null,"info":null,"type":0}]},{"date":1610406000000,"type":null,"info":null,"times":[]},{"date":1610492400000,"type":null,"info":null,"times":[]},{"date":1610578800000,"type":null,"info":null,"times":[]},{"date":1610665200000,"type":null,"info":null,"times":[]},{"date":1610751600000,"type":7,"info":null,"times":[]},{"date":1610838000000,"type":7,"info":null,"times":[]},{"date":1610924400000,"type":null,"info":null,"times":[]},{"date":1611010800000,"type":null,"info":null,"times":[]},{"date":1611097200000,"type":null,"info":null,"times":[]},{"date":1611183600000,"type":null,"info":null,"times":[]},{"date":1611270000000,"type":null,"info":null,"times":[]},{"date":1611356400000,"type":7,"info":null,"times":[]},{"date":1611442800000,"type":7,"info":null,"times":[]},{"date":1611529200000,"type":null,"info":null,"times":[]},{"date":1611615600000,"type":null,"info":null,"times":[]},{"date":1611702000000,"type":null,"info":null,"times":[]},{"date":1611788400000,"type":null,"info":null,"times":[]},{"date":1611874800000,"type":null,"info":null,"times":[]},{"date":1611961200000,"type":7,"info":null,"times":[]},{"date":1612047600000,"type":7,"info":null,"times":[]},{"date":1612134000000,"type":null,"info":null,"times":[]},{"date":1612220400000,"type":null,"info":null,"times":[]},{"date":1612306800000,"type":null,"info":null,"times":[]},{"date":1612393200000,"type":null,"info":null,"times":[]},{"date":1612479600000,"type":null,"info":null,"times":[]},{"date":1612566000000,"type":7,"info":null,"times":[]},{"date":1612652400000,"type":7,"info":null,"times":[]},{"date":1612738800000,"type":null,"info":null,"times":[]},{"date":1612825200000,"type":null,"info":null,"times":[]},{"date":1612911600000,"type":null,"info":null,"times":[]},{"date":1612998000000,"type":null,"info":null,"times":[]},{"date":1613084400000,"type":null,"info":null,"times":[]},{"date":1613170800000,"type":7,"info":null,"times":[]},{"date":1613257200000,"type":7,"info":null,"times":[]},{"date":1613343600000,"type":null,"info":null,"times":[]},{"date":1613430000000,"type":null,"info":null,"times":[]},{"date":1613516400000,"type":6,"info":"Ascher&shy;mittwoch","times":[]},{"date":1613602800000,"type":null,"info":null,"times":[]},{"date":1613689200000,"type":null,"info":null,"times":[]},{"date":1613775600000,"type":7,"info":null,"times":[]},{"date":1613862000000,"type":7,"info":null,"times":[]},{"date":1613948400000,"type":null,"info":null,"times":[]},{"date":1614034800000,"type":null,"info":null,"times":[]},{"date":1614121200000,"type":null,"info":null,"times":[]},{"date":1614207600000,"type":null,"info":null,"times":[]},{"date":1614294000000,"type":null,"info":null,"times":[]},{"date":1614380400000,"type":7,"info":null,"times":[]},{"date":1614466800000,"type":7,"info":null,"times":[]},{"date":1614553200000,"type":null,"info":null,"times":[]},{"date":1614639600000,"type":null,"info":null,"times":[]},{"date":1614726000000,"type":null,"info":null,"times":[]},{"date":1614812400000,"type":null,"info":null,"times":[]},{"date":1614898800000,"type":null,"info":null,"times":[]},{"date":1614985200000,"type":7,"info":null,"times":[]},{"date":1615071600000,"type":7,"info":null,"times":[]},{"date":1615158000000,"type":null,"info":null,"times":[]},{"date":1615244400000,"type":null,"info":null,"times":[]},{"date":1615330800000,"type":null,"info":null,"times":[]},{"date":1615417200000,"type":null,"info":null,"times":[]},{"date":1615503600000,"type":null,"info":null,"times":[]},{"date":1615590000000,"type":7,"info":null,"times":[]},{"date":1615676400000,"type":7,"info":null,"times":[]},{"date":1615762800000,"type":null,"info":null,"times":[]},{"date":1615849200000,"type":null,"info":null,"times":[]},{"date":1615935600000,"type":null,"info":null,"times":[]},{"date":1616022000000,"type":null,"info":null,"times":[]},{"date":1616108400000,"type":null,"info":null,"times":[]},{"date":1616194800000,"type":7,"info":null,"times":[]},{"date":1616281200000,"type":7,"info":null,"times":[]},{"date":1616367600000,"type":null,"info":null,"times":[]},{"date":1616454000000,"type":null,"info":null,"times":[]},{"date":1616540400000,"type":null,"info":null,"times":[]},{"date":1616626800000,"type":null,"info":null,"times":[]},{"date":1616713200000,"type":null,"info":null,"times":[]},{"date":1616799600000,"type":7,"info":null,"times":[]},{"date":1616886000000,"type":7,"info":null,"times":[]},{"date":1616968800000,"type":null,"info":null,"times":[]},{"date":1617055200000,"type":null,"info":null,"times":[]},{"date":1617141600000,"type":null,"info":null,"times":[]},{"date":1617228000000,"type":null,"info":null,"times":[]},{"date":1617314400000,"type":4,"info":"Karfreitag","times":[]},{"date":1617400800000,"type":7,"info":null,"times":[]},{"date":1617487200000,"type":6,"info":"Oster&shy;sonntag","times":[]},{"date":1617573600000,"type":4,"info":"Oster&shy;montag","times":[]},{"date":1617660000000,"type":null,"info":null,"times":[]},{"date":1617746400000,"type":null,"info":null,"times":[]},{"date":1617832800000,"type":null,"info":null,"times":[]},{"date":1617919200000,"type":null,"info":null,"times":[]},{"date":1618005600000,"type":7,"info":null,"times":[]},{"date":1618092000000,"type":7,"info":null,"times":[]},{"date":1618178400000,"type":null,"info":null,"times":[]},{"date":1618264800000,"type":null,"info":null,"times":[]},{"date":1618351200000,"type":null,"info":null,"times":[]},{"date":1618437600000,"type":null,"info":null,"times":[]},{"date":1618524000000,"type":null,"info":null,"times":[]},{"date":1618610400000,"type":7,"info":null,"times":[]},{"date":1618696800000,"type":7,"info":null,"times":[]},{"date":1618783200000,"type":null,"info":null,"times":[]},{"date":1618869600000,"type":null,"info":null,"times":[]},{"date":1618956000000,"type":null,"info":null,"times":[]},{"date":1619042400000,"type":null,"info":null,"times":[]},{"date":1619128800000,"type":null,"info":null,"times":[]},{"date":1619215200000,"type":7,"info":null,"times":[]},{"date":1619301600000,"type":7,"info":null,"times":[]},{"date":1619388000000,"type":null,"info":null,"times":[]},{"date":1619474400000,"type":null,"info":null,"times":[]},{"date":1619560800000,"type":null,"info":null,"times":[]},{"date":1619647200000,"type":null,"info":null,"times":[]},{"date":1619733600000,"type":null,"info":null,"times":[]},{"date":1619820000000,"type":4,"info":"Maifeiertag","times":[]},{"date":1619906400000,"type":7,"info":null,"times":[]},{"date":1619992800000,"type":null,"info":null,"times":[]},{"date":1620079200000,"type":null,"info":null,"times":[]},{"date":1620165600000,"type":null,"info":null,"times":[]},{"date":1620252000000,"type":null,"info":null,"times":[]},{"date":1620338400000,"type":null,"info":null,"times":[]},{"date":1620424800000,"type":7,"info":null,"times":[]},{"date":1620511200000,"type":6,"info":"Muttertag","times":[]},{"date":1620597600000,"type":null,"info":null,"times":[]},{"date":1620684000000,"type":null,"info":null,"times":[]},{"date":1620770400000,"type":null,"info":null,"times":[]},{"date":1620856800000,"type":4,"info":"Vatertag / Christi Himmelfahrt","times":[]},{"date":1620943200000,"type":null,"info":null,"times":[]},{"date":1621029600000,"type":7,"info":null,"times":[]},{"date":1621116000000,"type":7,"info":null,"times":[]},{"date":1621202400000,"type":null,"info":null,"times":[]},{"date":1621288800000,"type":null,"info":null,"times":[]},{"date":1621375200000,"type":null,"info":null,"times":[]},{"date":1621461600000,"type":null,"info":null,"times":[]},{"date":1621548000000,"type":null,"info":null,"times":[]},{"date":1621634400000,"type":7,"info":null,"times":[]},{"date":1621720800000,"type":6,"info":"Pfingst&shy;sonntag","times":[]},{"date":1621807200000,"type":4,"info":"Pfingst&shy;montag","times":[]},{"date":1621893600000,"type":null,"info":null,"times":[]},{"date":1621980000000,"type":null,"info":null,"times":[]},{"date":1622066400000,"type":null,"info":null,"times":[]},{"date":1622152800000,"type":null,"info":null,"times":[]},{"date":1622239200000,"type":7,"info":null,"times":[]},{"date":1622325600000,"type":7,"info":null,"times":[]},{"date":1622412000000,"type":null,"info":null,"times":[]},{"date":1622498400000,"type":null,"info":null,"times":[]},{"date":1622584800000,"type":null,"info":null,"times":[]},{"date":1622671200000,"type":4,"info":"Fron&shy;leichnam","times":[]},{"date":1622757600000,"type":null,"info":null,"times":[]},{"date":1622844000000,"type":7,"info":null,"times":[]},{"date":1622930400000,"type":7,"info":null,"times":[]},{"date":1623016800000,"type":null,"info":null,"times":[]},{"date":1623103200000,"type":null,"info":null,"times":[]},{"date":1623189600000,"type":null,"info":null,"times":[]},{"date":1623276000000,"type":null,"info":null,"times":[]},{"date":1623362400000,"type":null,"info":null,"times":[]},{"date":1623448800000,"type":7,"info":null,"times":[]},{"date":1623535200000,"type":7,"info":null,"times":[]},{"date":1623621600000,"type":null,"info":null,"times":[]},{"date":1623708000000,"type":null,"info":null,"times":[]},{"date":1623794400000,"type":null,"info":null,"times":[]},{"date":1623880800000,"type":null,"info":null,"times":[]},{"date":1623967200000,"type":null,"info":null,"times":[]},{"date":1624053600000,"type":7,"info":null,"times":[]},{"date":1624140000000,"type":7,"info":null,"times":[]},{"date":1624226400000,"type":null,"info":null,"times":[]},{"date":1624312800000,"type":null,"info":null,"times":[]},{"date":1624399200000,"type":null,"info":null,"times":[]},{"date":1624485600000,"type":null,"info":null,"times":[]},{"date":1624572000000,"type":null,"info":null,"times":[]},{"date":1624658400000,"type":7,"info":null,"times":[]},{"date":1624744800000,"type":7,"info":null,"times":[]},{"date":1624831200000,"type":null,"info":null,"times":[]},{"date":1624917600000,"type":null,"info":null,"times":[]},{"date":1625004000000,"type":null,"info":null,"times":[]},{"date":1625090400000,"type":null,"info":null,"times":[]},{"date":1625176800000,"type":null,"info":null,"times":[]},{"date":1625263200000,"type":7,"info":null,"times":[]},{"date":1625349600000,"type":7,"info":null,"times":[]},{"date":1625436000000,"type":null,"info":null,"times":[]},{"date":1625522400000,"type":null,"info":null,"times":[]},{"date":1625608800000,"type":null,"info":null,"times":[]},{"date":1625695200000,"type":null,"info":null,"times":[]},{"date":1625781600000,"type":null,"info":null,"times":[]},{"date":1625868000000,"type":7,"info":null,"times":[]},{"date":1625954400000,"type":7,"info":null,"times":[]},{"date":1626040800000,"type":null,"info":null,"times":[]},{"date":1626127200000,"type":null,"info":null,"times":[]},{"date":1626213600000,"type":null,"info":null,"times":[]},{"date":1626300000000,"type":null,"info":null,"times":[]},{"date":1626386400000,"type":null,"info":null,"times":[]},{"date":1626472800000,"type":7,"info":null,"times":[]},{"date":1626559200000,"type":7,"info":null,"times":[]},{"date":1626645600000,"type":null,"info":null,"times":[]},{"date":1626732000000,"type":null,"info":null,"times":[]},{"date":1626818400000,"type":null,"info":null,"times":[]},{"date":1626904800000,"type":null,"info":null,"times":[]},{"date":1626991200000,"type":null,"info":null,"times":[]},{"date":1627077600000,"type":7,"info":null,"times":[]},{"date":1627164000000,"type":7,"info":null,"times":[]},{"date":1627250400000,"type":null,"info":null,"times":[]},{"date":1627336800000,"type":null,"info":null,"times":[]},{"date":1627423200000,"type":null,"info":null,"times":[]},{"date":1627509600000,"type":null,"info":null,"times":[]},{"date":1627596000000,"type":null,"info":null,"times":[]},{"date":1627682400000,"type":7,"info":null,"times":[]},{"date":1627768800000,"type":7,"info":null,"times":[]},{"date":1627855200000,"type":null,"info":null,"times":[]},{"date":1627941600000,"type":null,"info":null,"times":[]},{"date":1628028000000,"type":null,"info":null,"times":[]},{"date":1628114400000,"type":null,"info":null,"times":[]},{"date":1628200800000,"type":null,"info":null,"times":[]},{"date":1628287200000,"type":7,"info":null,"times":[]},{"date":1628373600000,"type":4,"info":"Friedensfest (Augsburg)","times":[]},{"date":1628460000000,"type":null,"info":null,"times":[]},{"date":1628546400000,"type":null,"info":null,"times":[]},{"date":1628632800000,"type":null,"info":null,"times":[]},{"date":1628719200000,"type":null,"info":null,"times":[]},{"date":1628805600000,"type":null,"info":null,"times":[]},{"date":1628892000000,"type":7,"info":null,"times":[]},{"date":1628978400000,"type":4,"info":"Mariä Himmelfahrt","times":[]},{"date":1629064800000,"type":null,"info":null,"times":[]},{"date":1629151200000,"type":null,"info":null,"times":[]},{"date":1629237600000,"type":null,"info":null,"times":[]},{"date":1629324000000,"type":null,"info":null,"times":[]},{"date":1629410400000,"type":null,"info":null,"times":[]},{"date":1629496800000,"type":7,"info":null,"times":[]},{"date":1629583200000,"type":7,"info":null,"times":[]},{"date":1629669600000,"type":null,"info":null,"times":[]},{"date":1629756000000,"type":null,"info":null,"times":[]},{"date":1629842400000,"type":null,"info":null,"times":[]},{"date":1629928800000,"type":null,"info":null,"times":[]},{"date":1630015200000,"type":null,"info":null,"times":[]},{"date":1630101600000,"type":7,"info":null,"times":[]},{"date":1630188000000,"type":7,"info":null,"times":[]},{"date":1630274400000,"type":null,"info":null,"times":[]},{"date":1630360800000,"type":null,"info":null,"times":[]},{"date":1630447200000,"type":null,"info":null,"times":[]},{"date":1630533600000,"type":null,"info":null,"times":[]},{"date":1630620000000,"type":null,"info":null,"times":[]},{"date":1630706400000,"type":7,"info":null,"times":[]},{"date":1630792800000,"type":7,"info":null,"times":[]},{"date":1630879200000,"type":null,"info":null,"times":[]},{"date":1630965600000,"type":null,"info":null,"times":[]},{"date":1631052000000,"type":null,"info":null,"times":[]},{"date":1631138400000,"type":null,"info":null,"times":[]},{"date":1631224800000,"type":null,"info":null,"times":[]},{"date":1631311200000,"type":7,"info":null,"times":[]},{"date":1631397600000,"type":7,"info":null,"times":[]},{"date":1631484000000,"type":null,"info":null,"times":[]},{"date":1631570400000,"type":null,"info":null,"times":[]},{"date":1631656800000,"type":null,"info":null,"times":[]},{"date":1631743200000,"type":null,"info":null,"times":[]},{"date":1631829600000,"type":null,"info":null,"times":[]},{"date":1631916000000,"type":7,"info":null,"times":[]},{"date":1632002400000,"type":7,"info":null,"times":[]},{"date":1632088800000,"type":null,"info":null,"times":[]},{"date":1632175200000,"type":null,"info":null,"times":[]},{"date":1632261600000,"type":null,"info":null,"times":[]},{"date":1632348000000,"type":null,"info":null,"times":[]},{"date":1632434400000,"type":null,"info":null,"times":[]},{"date":1632520800000,"type":7,"info":null,"times":[]},{"date":1632607200000,"type":7,"info":null,"times":[]},{"date":1632693600000,"type":null,"info":null,"times":[]},{"date":1632780000000,"type":null,"info":null,"times":[]},{"date":1632866400000,"type":null,"info":null,"times":[]},{"date":1632952800000,"type":null,"info":null,"times":[]},{"date":1633039200000,"type":null,"info":null,"times":[]},{"date":1633125600000,"type":7,"info":null,"times":[]},{"date":1633212000000,"type":4,"info":"Tag der deutschen Einheit","times":[]},{"date":1633298400000,"type":null,"info":null,"times":[]},{"date":1633384800000,"type":null,"info":null,"times":[]},{"date":1633471200000,"type":null,"info":null,"times":[]},{"date":1633557600000,"type":null,"info":null,"times":[]},{"date":1633644000000,"type":null,"info":null,"times":[]},{"date":1633730400000,"type":7,"info":null,"times":[]},{"date":1633816800000,"type":7,"info":null,"times":[]},{"date":1633903200000,"type":null,"info":null,"times":[]},{"date":1633989600000,"type":null,"info":null,"times":[]},{"date":1634076000000,"type":null,"info":null,"times":[]},{"date":1634162400000,"type":null,"info":null,"times":[]},{"date":1634248800000,"type":null,"info":null,"times":[]},{"date":1634335200000,"type":7,"info":null,"times":[]},{"date":1634421600000,"type":7,"info":null,"times":[]},{"date":1634508000000,"type":null,"info":null,"times":[]},{"date":1634594400000,"type":null,"info":null,"times":[]},{"date":1634680800000,"type":null,"info":null,"times":[]},{"date":1634767200000,"type":null,"info":null,"times":[]},{"date":1634853600000,"type":null,"info":null,"times":[]},{"date":1634940000000,"type":7,"info":null,"times":[]},{"date":1635026400000,"type":7,"info":null,"times":[]},{"date":1635112800000,"type":null,"info":null,"times":[]},{"date":1635199200000,"type":null,"info":null,"times":[]},{"date":1635285600000,"type":null,"info":null,"times":[]},{"date":1635372000000,"type":null,"info":null,"times":[]},{"date":1635458400000,"type":null,"info":null,"times":[]},{"date":1635544800000,"type":7,"info":null,"times":[]},{"date":1635631200000,"type":7,"info":null,"times":[]},{"date":1635721200000,"type":4,"info":"Aller&shy;hei&shy;ligen","times":[]},{"date":1635807600000,"type":null,"info":null,"times":[]},{"date":1635894000000,"type":null,"info":null,"times":[]},{"date":1635980400000,"type":null,"info":null,"times":[]},{"date":1636066800000,"type":null,"info":null,"times":[]},{"date":1636153200000,"type":7,"info":null,"times":[]},{"date":1636239600000,"type":7,"info":null,"times":[]},{"date":1636326000000,"type":null,"info":null,"times":[]},{"date":1636412400000,"type":null,"info":null,"times":[]},{"date":1636498800000,"type":null,"info":null,"times":[]},{"date":1636585200000,"type":null,"info":null,"times":[]},{"date":1636671600000,"type":null,"info":null,"times":[]},{"date":1636758000000,"type":7,"info":null,"times":[]},{"date":1636844400000,"type":6,"info":"Volks&shy;trauertag","times":[]},{"date":1636930800000,"type":null,"info":null,"times":[]},{"date":1637017200000,"type":null,"info":null,"times":[]},{"date":1637103600000,"type":null,"info":null,"times":[]},{"date":1637190000000,"type":null,"info":null,"times":[]},{"date":1637276400000,"type":null,"info":null,"times":[]},{"date":1637362800000,"type":7,"info":null,"times":[]},{"date":1637449200000,"type":6,"info":"Toten&shy;sonntag","times":[]},{"date":1637535600000,"type":null,"info":null,"times":[]},{"date":1637622000000,"type":null,"info":null,"times":[]},{"date":1637708400000,"type":null,"info":null,"times":[]},{"date":1637794800000,"type":null,"info":null,"times":[]},{"date":1637881200000,"type":null,"info":null,"times":[]},{"date":1637967600000,"type":7,"info":null,"times":[]},{"date":1638054000000,"type":6,"info":"1. Advent","times":[]},{"date":1638140400000,"type":null,"info":null,"times":[]},{"date":1638226800000,"type":null,"info":null,"times":[]},{"date":1638313200000,"type":null,"info":null,"times":[]},{"date":1638399600000,"type":null,"info":null,"times":[]},{"date":1638486000000,"type":null,"info":null,"times":[]},{"date":1638572400000,"type":7,"info":null,"times":[]},{"date":1638658800000,"type":6,"info":"2. Advent","times":[]},{"date":1638745200000,"type":null,"info":null,"times":[]},{"date":1638831600000,"type":null,"info":null,"times":[]},{"date":1638918000000,"type":null,"info":null,"times":[]},{"date":1639004400000,"type":null,"info":null,"times":[]},{"date":1639090800000,"type":null,"info":null,"times":[]},{"date":1639177200000,"type":7,"info":null,"times":[]},{"date":1639263600000,"type":6,"info":"3. Advent","times":[]},{"date":1639350000000,"type":null,"info":null,"times":[]},{"date":1639436400000,"type":null,"info":null,"times":[]},{"date":1639522800000,"type":null,"info":null,"times":[]},{"date":1639609200000,"type":null,"info":null,"times":[]},{"date":1639695600000,"type":null,"info":null,"times":[]},{"date":1639782000000,"type":7,"info":null,"times":[]},{"date":1639868400000,"type":6,"info":"4. Advent","times":[]},{"date":1639954800000,"type":null,"info":null,"times":[]},{"date":1640041200000,"type":null,"info":null,"times":[]},{"date":1640127600000,"type":null,"info":null,"times":[]},{"date":1640214000000,"type":null,"info":null,"times":[]},{"date":1640300400000,"type":null,"info":null,"times":[]},{"date":1640386800000,"type":4,"info":"1. Weih&shy;nachts&shy;feier&shy;tag","times":[]},{"date":1640473200000,"type":4,"info":"2. Weih&shy;nachts&shy;feier&shy;tag","times":[]},{"date":1640559600000,"type":null,"info":null,"times":[]},{"date":1640646000000,"type":null,"info":null,"times":[]},{"date":1640732400000,"type":null,"info":null,"times":[]},{"date":1640818800000,"type":null,"info":null,"times":[]},{"date":1640905200000,"type":null,"info":null,"times":[]}]}